index,name,area,span_z,span_y,u_avg,k_enh,skew_g,skew_l,lambda,q
0,trapezoid_0000,80.00000000000001,2.0,80.0,0.33668266855400153,3.6316590218502314,0.5938508867511211,-10.107099702726607,0.025,0.0
1,trapezoid_0001,88.0,2.0,80.0,0.39740703676877803,4.727811828616632,0.47541819145773934,1368.6995444912866,0.025,0.1
2,trapezoid_0002,95.99999999999999,2.0,80.0,0.4450399476826484,4.938684261222927,0.2937239481762597,-14.467288259948239,0.025,0.2
3,trapezoid_0003,104.0,2.0,80.0,0.48653395112861275,4.567216611470479,0.12457109854119355,-18.042778648179343,0.025,0.30000000000000004
4,trapezoid_0004,112.0,2.0,80.0,0.523572015703725,3.8264108966310024,-0.025792670356696957,-21.559330675126976,0.025,0.4
5,trapezoid_0005,119.99999999999999,2.0,80.0,0.556425115772856,2.995184588846521,-0.1540954446277938,-24.684208813743087,0.025,0.5
6,trapezoid_0006,128.0,2.0,80.0,0.5819588123641741,2.011428911383128,-0.2657553456268386,-28.09063029825863,0.025,0.6000000000000001
7,trapezoid_0007,136.0,2.0,80.0,0.6069322358269844,1.2389628060932272,-0.364697213501874,-30.7691309234612,0.025,0.7000000000000001
8,trapezoid_0008,144.0,2.0,80.0,0.6266018966250706,0.5850588783687286,-0.4553232520131732,-33.26812554173885,0.025,0.8
9,trapezoid_0009,152.0,2.0,80.0,0.6436253447050048,0.18228406813799444,-0.5276112114740434,-35.52640880417894,0.025,0.9
10,trapezoid_0010,160.0,2.0,80.0,0.6574559665143315,0.06688022767918242,-0.5610802258193684,-27.629269550030237,0.025,1.0
11,trapezoid_0011,40.0,2.0,40.0,0.33153798186093,0.9065787419260101,0.5844751506490886,-5.036011663093503,0.05,0.0
12,trapezoid_0012,43.99999999999999,2.0,40.0,0.3914976840157268,1.1817141440574954,0.4796472391146007,-5.628271678109897,0.05,0.1
13,trapezoid_0013,48.0,2.0,40.0,0.4439190839334059,1.2727623579435683,0.2913124474777153,-7.160589311893929,0.05,0.2
14,trapezoid_0014,52.0,2.0,40.0,0.48577306454911234,1.183093080991677,0.12336485752859355,-8.741890743114437,0.05,0.30000000000000004
15,trapezoid_0015,55.99999999999999,2.0,40.0,0.5224544396218523,1.0213032854710018,-0.02371653282203803,-10.388235437770799,0.05,0.4
16,trapezoid_0016,60.0,2.0,40.0,0.5543137145103216,0.7898590343989873,-0.15177090061912488,-11.96666279536593,0.05,0.5
17,trapezoid_0017,64.0,2.0,40.0,0.580763922841006,0.5613728700033951,-0.2662934105298432,-13.232872911915662,0.05,0.6000000000000001
18,trapezoid_0018,68.0,2.0,40.0,0.6060695495402296,0.3537205516404529,-0.3659953209054416,-14.295513938754565,0.05,0.7000000000000001
19,trapezoid_0019,71.99999999999999,2.0,40.0,0.6257689694664732,0.19788905038394114,-0.44932074312063564,-14.618938393901454,0.05,0.8
20,trapezoid_0020,76.0,2.0,40.0,0.6403562440849302,0.09017459408541134,-0.515726128091556,-14.478719408059023,0.05,0.9
21,trapezoid_0021,80.0,2.0,40.0,0.6499211804909846,0.05865922295348429,-0.5442724455138683,-13.39892464549566,0.05,1.0
22,trapezoid_0022,26.66666666,2.0,26.666666666666664,0.3277130607564755,0.38805461980563194,0.5408480904875489,-3.505340954499976,0.07500000000000001,0.0
23,trapezoid_0023,29.33333332,2.0,26.666666666666664,0.38761485753193414,0.5092343949416767,0.4500083058312765,-3.857290066022509,0.07500000000000001,0.1
24,trapezoid_0024,32.0,2.0,26.666666666666664,0.43847751853382266,0.5469838170041587,0.2855090048193424,-4.737066993037218,0.07500000000000001,0.2
25,trapezoid_0025,34.666666660000004,2.0,26.666666666666664,0.48220869076690365,0.5264709856880043,0.12117710563672567,-5.729742243181392,0.07500000000000001,0.30000000000000004
26,trapezoid_0026,37.33333332,2.0,26.666666666666664,0.5158532720480737,0.4480274554641683,-0.02078186416642589,-6.712291803858094,0.07500000000000001,0.4
27,trapezoid_0027,40.0,2.0,26.666666666666664,0.5469301591179808,0.3556199224722903,-0.14252573389620718,-7.591683759955506,0.07500000000000001,0.5
28,trapezoid_0028,42.66666666,2.0,26.666666666666664,0.5736668084095076,0.25973884528506547,-0.2549757892431911,-8.24819133536165,0.07500000000000001,0.6000000000000001
29,trapezoid_0029,45.33333332,2.0,26.666666666666664,0.5961428798729257,0.17527776012813767,-0.3462120903464736,-8.670231191031514,0.07500000000000001,0.7000000000000001
30,trapezoid_0030,48.0,2.0,26.666666666666664,0.6141843440293027,0.10814356557420202,-0.42338324764959345,-8.738199824724648,0.07500000000000001,0.8
31,trapezoid_0031,50.66666666,2.0,26.666666666666664,0.6285702499164657,0.06772310717985178,-0.47738375872278316,-8.23918299584598,0.07500000000000001,0.9
32,trapezoid_0032,53.33333332,2.0,26.666666666666664,0.639871762700782,0.055069283451242936,-0.5038498771461,-8.221075503140211,0.07500000000000001,1.0
33,trapezoid_0033,20.000000000000004,2.0,20.0,0.32399860370511446,0.2091906371216438,0.5063159083444135,-2.720246047442563,0.1,0.0
34,trapezoid_0034,21.999999999999996,2.0,20.0,0.3829421162122398,0.27815272122446266,0.4342930623767562,-2.9486313470740897,0.1,0.1
35,trapezoid_0035,23.999999999999996,2.0,20.0,0.43407843702868104,0.3030929702803549,0.27827886801013113,-3.5414250145864496,0.1,0.2
36,trapezoid_0036,25.999999999999996,2.0,20.0,0.4758708054110578,0.29366849188491767,0.12996879429902672,-4.175506950901808,0.1,0.30000000000000004
37,trapezoid_0037,28.0,2.0,20.0,0.5119840313863305,0.2541047589148071,-0.013358529555601906,-4.844491191734864,0.1,0.4
38,trapezoid_0038,30.000000000000004,2.0,20.0,0.5431597909948145,0.20891265592657446,-0.13109192543057357,-5.298974061237558,0.1,0.5
39,trapezoid_0039,31.999999999999996,2.0,20.0,0.5701030483407251,0.15966226147027027,-0.2353331784534778,-5.659647682120897,0.1,0.6000000000000001
40,trapezoid_0040,34.0,2.0,20.0,0.5921552626565566,0.11687260243810149,-0.3212907991878392,-5.730507560522232,0.1,0.7000000000000001
41,trapezoid_0041,36.0,2.0,20.0,0.6099622969515801,0.08170072128746192,-0.389827573864381,-5.612881137829651,0.1,0.8
42,trapezoid_0042,37.99999999999999,2.0,20.0,0.6199005250024682,0.05819807888391474,-0.43592216943012846,-5.391285807635366,0.1,0.9
43,trapezoid_0043,40.00000000000001,2.0,20.0,0.6266527321343981,0.05134747128785605,-0.4601886580617557,-5.38361993145192,0.1,1.0
44,trapezoid_0044,15.999999999999998,2.0,16.0,0.3179214512912176,0.12673427410410704,0.46247370265128,-2.268075817983436,0.125,0.0
45,trapezoid_0045,17.6,2.0,16.0,0.3772656716835757,0.17072473847291691,0.4007289150333667,-2.4334709561538697,0.125,0.1
46,trapezoid_0046,19.200000000000003,2.0,16.0,0.427231178589109,0.18794852951513372,0.2746394956314571,-2.7983244361241875,0.125,0.2
47,trapezoid_0047,20.8,2.0,16.0,0.46881099200352855,0.1835533299370645,0.13189031860804765,-3.2410369463892743,0.125,0.30000000000000004
48,trapezoid_0048,22.4,2.0,16.0,0.5045611535249797,0.1638594229867199,0.0031633549219584308,-3.6513987895453823,0.125,0.4
49,trapezoid_0049,24.0,2.0,16.0,0.535016314310777,0.13897088820846945,-0.10878619696688194,-3.9316324366529276,0.125,0.5
50,trapezoid_0050,25.599999999999998,2.0,16.0,0.560543767026867,0.11041655836976327,-0.21098833699543573,-4.13502069627027,0.125,0.6000000000000001
51,trapezoid_0051,27.2,2.0,16.0,0.5811365834748509,0.0842151457949365,-0.291816423626382,-4.109534920516156,0.125,0.7000000000000001
52,trapezoid_0052,28.8,2.0,16.0,0.5987535224229454,0.06406001521854676,-0.35688630705440805,-3.9922029618826262,0.125,0.8
53,trapezoid_0053,30.399999999999995,2.0,16.0,0.6093056828095316,0.05115477491339378,-0.40116775817443795,-3.814008016352735,0.125,0.9
54,trapezoid_0054,32.0,2.0,16.0,0.6151019594789675,0.04826236793517087,-0.42044346527703425,-3.9176013300346018,0.125,1.0
55,trapezoid_0055,13.33333334,2.0,13.333333333333332,0.31172057463840963,0.0831885632678617,0.4354346478960069,-1.9530506188460512,0.15000000000000002,0.0
56,trapezoid_0056,14.66666668,2.0,13.333333333333332,0.36984489978516766,0.11198380687836643,0.38708227515694005,-2.0369342059700917,0.15000000000000002,0.1
57,trapezoid_0057,16.0,2.0,13.333333333333332,0.41941108316150016,0.12594920089731537,0.2680217525237782,-2.3077612761800124,0.15000000000000002,0.2
58,trapezoid_0058,17.33333334,2.0,13.333333333333332,0.4622522583546258,0.12599647069177908,0.1386402936327039,-2.6065790066675496,0.15000000000000002,0.30000000000000004
59,trapezoid_0059,18.66666668,2.0,13.333333333333332,0.49778321926370545,0.11624174794721134,0.01658167777435371,-2.870143662359979,0.15000000000000002,0.4
60,trapezoid_0060,20.0,2.0,13.333333333333332,0.5271312445617227,0.09950676451970754,-0.09010533932164412,-3.0338005823077965,0.15000000000000002,0.5
61,trapezoid_0061,21.33333334,2.0,13.333333333333332,0.5510291852925336,0.08233567720530406,-0.18202844263485538,-3.1026647977600588,0.15000000000000002,0.6000000000000001
62,trapezoid_0062,22.666666679999995,2.0,13.333333333333332,0.5713476243407459,0.06613430248019116,-0.260314457478627,-3.044966152698631,0.15000000000000002,0.7000000000000001
63,trapezoid_0063,24.0,2.0,13.333333333333332,0.5877848876037429,0.054173585850905724,-0.31879472622876576,-2.8974163975397538,0.15000000000000002,0.8
64,trapezoid_0064,25.33333334,2.0,13.333333333333332,0.5990250698689278,0.04625456720194431,-0.3616655399854221,-2.8163748223875453,0.15000000000000002,0.9
65,trapezoid_0065,26.666666679999995,2.0,13.333333333333332,0.6041503347912974,0.04425896081958808,-0.38100637066554216,-2.8998798759975033,0.15000000000000002,1.0
66,trapezoid_0066,11.428571420000003,2.0,11.428571428571427,0.3050956938788008,0.05724025706012504,0.40465183185172177,-1.7191739413702205,0.17500000000000002,0.0
67,trapezoid_0067,12.571428560000001,2.0,11.428571428571427,0.3616286730032831,0.07717425363357293,0.35858413751974727,-1.7845368870734617,0.17500000000000002,0.1
68,trapezoid_0068,13.714285700000001,2.0,11.428571428571427,0.41140134743021084,0.08868640160105273,0.2610365825166209,-1.952688888727414,0.17500000000000002,0.2
69,trapezoid_0069,14.857142840000003,2.0,11.428571428571427,0.4529914516698824,0.09022786836151105,0.14299396730390534,-2.1667720085345232,0.17500000000000002,0.30000000000000004
70,trapezoid_0070,16.0,2.0,11.428571428571427,0.48901502638019523,0.08541526295643485,0.032247727383981475,-2.305735313151762,0.17500000000000002,0.4
71,trapezoid_0071,17.14285714,2.0,11.428571428571427,0.5178976672836649,0.07519025720948581,-0.06943679826344812,-2.393824220699716,0.17500000000000002,0.5
72,trapezoid_0072,18.28571428,2.0,11.428571428571427,0.5423047105529256,0.0649551441429997,-0.15579047462128548,-2.375924762498067,0.17500000000000002,0.6000000000000001
73,trapezoid_0073,19.42857142,2.0,11.428571428571427,0.5626760101706036,0.054612888054310985,-0.22897309761104476,-2.298271379080407,0.17500000000000002,0.7000000000000001
74,trapezoid_0074,20.571428560000005,2.0,11.428571428571427,0.5784017506824247,0.04660205931534832,-0.2866445938681616,-2.197021977273747,0.17500000000000002,0.8
75,trapezoid_0075,21.71428570000001,2.0,11.428571428571427,0.5887949457629323,0.042156298066317564,-0.3234761445387392,-2.107102316434055,0.17500000000000002,0.9
76,trapezoid_0076,22.85714284,2.0,11.428571428571427,0.5953714214204053,0.04068930787484019,-0.34817129470621505,-2.209862341049811,0.17500000000000002,1.0
77,trapezoid_0077,9.999999999999998,2.0,10.0,0.2981248690814426,0.041152642016413166,0.37896186438556684,-0.18621353554059872,0.2,0.0
78,trapezoid_0078,11.0,2.0,10.0,0.3529288026179057,0.05572953771701843,0.33979389928969295,-1.5731977301925308,0.2,0.1
79,trapezoid_0079,11.999999999999998,2.0,10.0,0.4023732791802688,0.06523661775005854,0.25550304487307746,-1.6846069609511674,0.2,0.2
80,trapezoid_0080,13.000000000000002,2.0,10.0,0.4436272591363171,0.06772343312890988,0.15081811482208216,-1.8086576492885407,0.2,0.30000000000000004
81,trapezoid_0081,14.0,2.0,10.0,0.47794505323557035,0.06491419175187452,0.04823791062593768,-1.8955287705932806,0.2,0.4
82,trapezoid_0082,14.999999999999998,2.0,10.0,0.5075833147096415,0.059038574158274605,-0.048505742244028,-1.9252885762074907,0.2,0.5
83,trapezoid_0083,16.0,2.0,10.0,0.5324838889217646,0.05261821931022824,-0.12986733571651202,-1.875217823994405,0.2,0.6000000000000001
84,trapezoid_0084,16.999999999999996,2.0,10.0,0.5517125973954584,0.04579396765073302,-0.19849761239243435,-1.779805452863468,0.2,0.7000000000000001
85,trapezoid_0085,17.999999999999996,2.0,10.0,0.56638330216087,0.04063229876349456,-0.2505732242211148,-1.6667938969803313,0.2,0.8
86,trapezoid_0086,19.000000000000007,2.0,10.0,0.5787726162669471,0.03852355458901739,-0.2852578836575255,-1.6138647166247722,0.2,0.9
87,trapezoid_0087,20.000000000000004,2.0,10.0,0.5843826676714233,0.037636555909617724,-0.3086777194078431,-1.712422833647335,0.2,1.0
88,trapezoid_0088,8.88888888,2.0,8.88888888888889,0.290468521699591,0.03045096234908574,0.35364412768679193,-1.3951070590723118,0.225,0.0
89,trapezoid_0089,9.777777760000001,2.0,8.88888888888889,0.34403071790202644,0.04148436158476842,0.3207103544671091,-1.410743486075142,0.225,0.1
90,trapezoid_0090,10.66666666,2.0,8.88888888888889,0.39176890217739935,0.04875443269972473,0.2449416180316405,-1.487229094941354,0.225,0.2
91,trapezoid_0091,11.555555539999997,2.0,8.88888888888889,0.4343308833210517,0.052262906042689065,0.15631350917809927,-1.5433168772327814,0.225,0.30000000000000004
92,trapezoid_0092,12.44444444,2.0,8.88888888888889,0.4688093929503659,0.05124299863861239,0.060803813451447926,-1.5856421360945192,0.225,0.4
93,trapezoid_0093,13.333333320000001,2.0,8.88888888888889,0.4980508084933766,0.04797718874816725,-0.026641822430932667,-1.562457015855796,0.225,0.5
94,trapezoid_0094,14.222222220000003,2.0,8.88888888888889,0.521248903407896,0.04359963438872602,-0.10298441399127806,-1.4971901085295756,0.225,0.6000000000000001
95,trapezoid_0095,15.111111099999999,2.0,8.88888888888889,0.5412692504346265,0.039583554525213886,-0.16625305585307223,-1.3759239910620262,0.225,0.7000000000000001
96,trapezoid_0096,16.0,2.0,8.88888888888889,0.5560521243611907,0.03647452577585034,-0.2157257572105399,-1.2810977509932417,0.225,0.8
97,trapezoid_0097,16.888888880000003,2.0,8.88888888888889,0.5667750341101203,0.03479831658520005,-0.252642109032323,-1.2484711261886083,0.225,0.9
98,trapezoid_0098,17.777777760000003,2.0,8.88888888888889,0.5733693091119505,0.03490921458145964,-0.27417924929319026,-1.3311744628003657,0.225,1.0
99,trapezoid_0099,8.0,2.0,8.0,0.28330063767589414,0.023174219891206427,0.33497971924617337,-1.2676018771362976,0.25,0.0
100,trapezoid_0100,8.8,2.0,8.0,0.33432419878451897,0.0313645506888611,0.2991956958369383,-1.2826040069441622,0.25,0.1
101,trapezoid_0101,9.6,2.0,8.0,0.3813573108902259,0.037520581991308796,0.2385222053624685,-1.3137393626914364,0.25,0.2
102,trapezoid_0102,10.399999999999999,2.0,8.0,0.4226440323586059,0.040707726239600416,0.1573154634985518,-1.3498116000013474,0.25,0.30000000000000004
103,trapezoid_0103,11.2,2.0,8.0,0.45815177677577307,0.04114246497668554,0.07309950566078072,-1.3321042668476633,0.25,0.4
104,trapezoid_0104,11.999999999999996,2.0,8.0,0.48638709430260335,0.03925791333691424,-0.0089538479179128,-1.2952369701310804,0.25,0.5
105,trapezoid_0105,12.800000000000004,2.0,8.0,0.5113690570315336,0.03689051193453209,-0.07999784699283462,-1.199807517958935,0.25,0.6000000000000001
106,trapezoid_0106,13.6,2.0,8.0,0.5299704639802444,0.034273588003026614,-0.1384900511188088,-1.085858065862535,0.25,0.7000000000000001
107,trapezoid_0107,14.4,2.0,8.0,0.5454485816340038,0.03250558542719017,-0.18609377597992804,-0.9994254259540828,0.25,0.8
108,trapezoid_0108,15.200000000000003,2.0,8.0,0.5551108732301792,0.031824393474962985,-0.216452931298403,-0.9593135875151144,0.25,0.9
109,trapezoid_0109,16.0,2.0,8.0,0.563077962429847,0.032248038151216046,-0.24056385034038846,-1.0373768596281194,0.25,1.0
110,trapezoid_0110,7.27272728,2.0,7.2727272727272725,0.275609714281134,0.017860730455157594,0.3174161888792044,-1.1577712221537653,0.275,0.0
111,trapezoid_0111,8.000000000000002,2.0,7.2727272727272725,0.32490182032673864,0.024320241423578148,0.2854186732110325,-1.160430067887955,0.275,0.1
112,trapezoid_0112,8.72727274,2.0,7.2727272727272725,0.37109720217109016,0.029557522185714898,0.23148747622493865,-1.1703859197286681,0.275,0.2
113,trapezoid_0113,9.45454546,2.0,7.2727272727272725,0.4122003028869592,0.03266248598477094,0.1590042128503729,-1.1767107521652858,0.275,0.30000000000000004
114,trapezoid_0114,10.18181818,2.0,7.2727272727272725,0.44748435753501953,0.03350877779011937,0.08118574589423544,-1.144672863717558,0.275,0.4
115,trapezoid_0115,10.909090919999999,2.0,7.2727272727272725,0.47572024785635947,0.032863343389671826,0.01155193600186769,-1.069611256767774,0.275,0.5
116,trapezoid_0116,11.636363639999999,2.0,7.2727272727272725,0.5000407948879595,0.03158459128830107,-0.054285598253318676,-0.964972841124929,0.275,0.6000000000000001
117,trapezoid_0117,12.36363638,2.0,7.2727272727272725,0.5191366467023699,0.03022238518385075,-0.10895843729849927,-0.8516711652747093,0.275,0.7000000000000001
118,trapezoid_0118,13.0909091,2.0,7.2727272727272725,0.5331438607873262,0.02893102418413325,-0.15574888641683857,-0.7780361533580079,0.275,0.8
119,trapezoid_0119,13.81818182,2.0,7.2727272727272725,0.5444841656922481,0.02896691776125191,-0.1870324985127986,-0.7511231336696366,0.275,0.9
120,trapezoid_0120,14.545454559999998,2.0,7.2727272727272725,0.5526405188956176,0.029674340924741784,-0.20988785276883368,-0.8186305909845606,0.275,1.0
121,trapezoid_0121,6.666666659999999,2.0,6.666666666666666,0.26854654178917203,0.01411179209066176,0.30167092469017404,-1.0588998476490963,0.30000000000000004,0.0
122,trapezoid_0122,7.333333319999999,2.0,6.666666666666666,0.3158089823926987,0.01913178142072587,0.2705112420779301,-1.0583813827076305,0.30000000000000004,0.1
123,trapezoid_0123,7.999999999999999,2.0,6.666666666666666,0.3610231189468725,0.023585158222774516,0.22180349565750296,-1.0563565882485728,0.30000000000000004,0.2
124,trapezoid_0124,8.66666666,2.0,6.666666666666666,0.401416978068798,0.026415450544718264,0.16096851599417922,-1.0302016415457202,0.30000000000000004,0.30000000000000004
125,trapezoid_0125,9.33333332,2.0,6.666666666666666,0.43584721538666515,0.02764467417565259,0.09172919900190936,-0.9796280626773045,0.30000000000000004,0.4
126,trapezoid_0126,9.999999999999998,2.0,6.666666666666666,0.4641631347607279,0.02775104820516374,0.02718187611641124,-0.8930274935795924,0.30000000000000004,0.5
127,trapezoid_0127,10.66666666,2.0,6.666666666666666,0.4878402262225866,0.027166774784586664,-0.033797641276608274,-0.7883597250455585,0.30000000000000004,0.6000000000000001
128,trapezoid_0128,11.33333332,2.0,6.666666666666666,0.5075133831845283,0.026564265212644326,-0.0863479398174016,-0.6826348018470353,0.30000000000000004,0.7000000000000001
129,trapezoid_0129,12.0,2.0,6.666666666666666,0.5227113143368268,0.02614682448839987,-0.12732585093545257,-0.6004246682741429,0.30000000000000004,0.8
130,trapezoid_0130,12.666666659999999,2.0,6.666666666666666,0.5341251171270704,0.026335594693334647,-0.15824240852695176,-0.5763731970837718,0.30000000000000004,0.9
131,trapezoid_0131,13.33333332,2.0,6.666666666666666,0.5418817722949695,0.027307827592514475,-0.180094146615838,-0.6310108485328879,0.30000000000000004,1.0
132,trapezoid_0132,6.1538461600000005,2.0,6.153846153846153,0.2603487448676027,0.011147783222247526,0.2836024560285876,-0.9810973593839688,0.325,0.0
133,trapezoid_0133,6.76923078,2.0,6.153846153846153,0.3056326338654712,0.01515373496384607,0.25582121809336344,-0.9748035636327124,0.325,0.1
134,trapezoid_0134,7.3846153999999995,2.0,6.153846153846153,0.35011172544078417,0.01892462380434905,0.21350013987879998,-0.9516938713754788,0.325,0.2
135,trapezoid_0135,7.999999999999999,2.0,6.153846153846153,0.39014760871210014,0.02169892664643497,0.16030971488887602,-0.9156352348479809,0.325,0.30000000000000004
136,trapezoid_0136,8.61538462,2.0,6.153846153846153,0.4239816551830834,0.023054645961340242,0.09965477719082987,-0.8489274756402014,0.325,0.4
137,trapezoid_0137,9.230769239999999,2.0,6.153846153846153,0.45202855153925825,0.023524022095373142,0.0408390936959292,-0.7518419509643843,0.325,0.5
138,trapezoid_0138,9.846153860000003,2.0,6.153846153846153,0.4761009522181757,0.02362299264759424,-0.012327318458892992,-0.6428715631157796,0.325,0.6000000000000001
139,trapezoid_0139,10.461538459999998,2.0,6.153846153846153,0.4958592244427625,0.02349665239338008,-0.06234574878406074,-0.5368765894145379,0.325,0.7000000000000001
140,trapezoid_0140,11.076923080000002,2.0,6.153846153846153,0.5112147412943427,0.02359617968468344,-0.10039913542970974,-0.46030678562919963,0.325,0.8
141,trapezoid_0141,11.692307699999999,2.0,6.153846153846153,0.5229656047909654,0.023913898573559546,-0.13220706671040203,-0.43886538181050944,0.325,0.9
142,trapezoid_0142,12.307692320000001,2.0,6.153846153846153,0.5310073187525108,0.024917117210165582,-0.1534248549468959,-0.49268620204267166,0.325,1.0
143,trapezoid_0143,5.71428572,2.0,5.7142857142857135,0.2526466372400709,0.008973814293484433,0.26938738881649277,-0.9091372153445626,0.35000000000000003,0.0
144,trapezoid_0144,6.2857143,2.0,5.7142857142857135,0.2956109251469183,0.012169405865534211,0.24533188081734278,-0.8913010816959379,0.35000000000000003,0.1
145,trapezoid_0145,6.857142860000001,2.0,5.7142857142857135,0.33964778624979997,0.015445309037077607,0.20707262194147222,-0.8618877852887825,0.35000000000000003,0.2
146,trapezoid_0146,7.428571440000002,2.0,5.7142857142857135,0.37857527025936244,0.0179037089904856,0.15889034922066073,-0.8151221223472113,0.35000000000000003,0.30000000000000004
147,trapezoid_0147,8.000000000000002,2.0,5.7142857142857135,0.4124100592936555,0.01938867999197173,0.10495448732328382,-0.7369026443589128,0.35000000000000003,0.4
148,trapezoid_0148,8.571428580000001,2.0,5.7142857142857135,0.44126982448558416,0.020173180583084184,0.05049230007662053,-0.6373088482401817,0.35000000000000003,0.5
149,trapezoid_0149,9.142857140000002,2.0,5.7142857142857135,0.46511377366374157,0.020630894286287865,0.002242964494303311,-0.5251216052874101,0.35000000000000003,0.6000000000000001
150,trapezoid_0150,9.714285720000001,2.0,5.7142857142857135,0.48482057079561586,0.020832316400908987,-0.042984252026438984,-0.4236544395413687,0.35000000000000003,0.7000000000000001
151,trapezoid_0151,10.2857143,2.0,5.7142857142857135,0.5004295816614915,0.021207447300776037,-0.07928329665072184,-0.3516868841027994,0.35000000000000003,0.8
152,trapezoid_0152,10.857142860000003,2.0,5.7142857142857135,0.5121667119502002,0.021877612199754124,-0.10787946614758025,-0.3289093844525217,0.35000000000000003,0.9
153,trapezoid_0153,11.42857144,2.0,5.7142857142857135,0.521258612745716,0.023005857769691638,-0.1286009448392686,-0.37391915848701573,0.35000000000000003,1.0
154,trapezoid_0154,5.33333334,2.0,5.333333333333333,0.2447773330356044,0.007292524769683183,0.2590866981939987,0.3431010635481381,0.375,0.0
155,trapezoid_0155,5.866666680000002,2.0,5.333333333333333,0.2864495880691012,0.009928366063840385,0.23385685219553032,-0.8158978029793504,0.375,0.1
156,trapezoid_0156,6.4,2.0,5.333333333333333,0.32819151147801356,0.012627316217714403,0.1998730170375938,-0.7827430502310754,0.375,0.2
157,trapezoid_0157,6.93333334,2.0,5.333333333333333,0.36754164241376086,0.014974778461795148,0.15829961767524228,-0.724155659320081,0.375,0.30000000000000004
158,trapezoid_0158,7.466666680000001,2.0,5.333333333333333,0.40108962032298606,0.016500137709385833,0.10924788473718947,-0.6444800770411032,0.375,0.4
159,trapezoid_0159,8.0,2.0,5.333333333333333,0.42948174624245733,0.01746719813150369,0.06090899109109711,-0.5408767591269978,0.375,0.5
160,trapezoid_0160,8.53333334,2.0,5.333333333333333,0.4530997651912145,0.01802368801415595,0.016479893057678704,-0.4261482665458392,0.375,0.6000000000000001
161,trapezoid_0161,9.06666668,2.0,5.333333333333333,0.4733836109849455,0.018644930564354564,-0.022848786730505475,-0.3246961090291654,0.375,0.7000000000000001
162,trapezoid_0162,9.6,2.0,5.333333333333333,0.48863911450953174,0.0190942535184693,-0.05801084030688273,-0.258522200358669,0.375,0.8
163,trapezoid_0163,10.13333334,2.0,5.333333333333333,0.5014372763040786,0.01997768544295801,-0.08475975454293018,-0.23942956787775896,0.375,0.9
164,trapezoid_0164,10.666666679999997,2.0,5.333333333333333,0.5108024655828391,0.021013940343846793,-0.1067733003515057,-0.27576552001980453,0.375,1.0
165,trapezoid_0165,4.999999999999999,2.0,5.0,0.23736227735010224,0.005991266779225359,0.24855611195226537,-0.7653271385844254,0.4,0.0
166,trapezoid_0166,5.5,2.0,5.0,0.27686345555978475,0.008141732582376266,0.22621129636439294,-0.7415815219822623,0.4,0.1
167,trapezoid_0167,6.000000000000001,2.0,5.0,0.31783561931044235,0.010509202205358715,0.19404679459939791,-0.7106941314020875,0.4,0.2
168,trapezoid_0168,6.500000000000001,2.0,5.0,0.3559497560434733,0.01256024190175887,0.15695359090596442,-0.6470950667467226,0.4,0.30000000000000004
169,trapezoid_0169,7.0,2.0,5.0,0.38873588054752545,0.013997661595098774,0.11442528142132026,-0.5594257492697648,0.4,0.4
170,trapezoid_0170,7.5,2.0,5.0,0.4171724991331578,0.01508435696673421,0.07149116259390778,-0.45467543025538565,0.4,0.5
171,trapezoid_0171,8.0,2.0,5.0,0.44191345667235693,0.01591402009581596,0.029565516500556627,-0.34482752513896975,0.4,0.6000000000000001
172,trapezoid_0172,8.5,2.0,5.0,0.4614211383880933,0.016551297867047093,-0.006311755094146798,-0.2454744074361956,0.4,0.7000000000000001
173,trapezoid_0173,9.0,2.0,5.0,0.4773472214415211,0.017242074939393108,-0.03897832482543228,-0.1839364514880241,0.4,0.8
174,trapezoid_0174,9.5,2.0,5.0,0.49000535634952225,0.018090673499144616,-0.06497379170254156,-0.16647632649686053,0.4,0.9
175,trapezoid_0175,10.000000000000002,2.0,5.0,0.500589541822944,0.01940652528457733,-0.0830436308326527,-0.19375986915464508,0.4,1.0
176,trapezoid_0176,4.70588236,2.0,4.705882352941176,0.22986045953544873,0.004960081735346161,0.23953853567932748,-0.6994347198851816,0.42500000000000004,0.0
177,trapezoid_0177,5.176470599999999,2.0,4.705882352941176,0.26764119075151604,0.006731534681242711,0.2169275686837693,-0.6773267425878622,0.42500000000000004,0.1
178,trapezoid_0178,5.64705884,2.0,4.705882352941176,0.3073258834755727,0.008767817042102307,0.18753030749887548,-0.6447331090543816,0.42500000000000004,0.2
179,trapezoid_0179,6.11764706,2.0,4.705882352941176,0.34451254470233295,0.010586340525760926,0.15338949100151442,-0.5819428067609128,0.42500000000000004,0.30000000000000004
180,trapezoid_0180,6.5882353,2.0,4.705882352941176,0.3774232381105,0.01204678790763532,0.11720268617636176,-0.48941859214870015,0.42500000000000004,0.4
181,trapezoid_0181,7.0588235400000015,2.0,4.705882352941176,0.4061219009123191,0.013184632894545769,0.07850360852192868,-27.9108170051645,0.42500000000000004,0.5
182,trapezoid_0182,7.529411779999999,2.0,4.705882352941176,0.42967135394153894,0.014019947238497681,0.04164599372909716,-0.2777052759460153,0.42500000000000004,0.6000000000000001
183,trapezoid_0183,8.000000000000002,2.0,4.705882352941176,0.44968724811481986,0.014811887302270604,0.007710941436993893,-0.1830777865492808,0.42500000000000004,0.7000000000000001
184,trapezoid_0184,8.47058824,2.0,4.705882352941176,0.46641289050085893,0.015565909018445971,-0.02304635808617776,-0.1209299034989251,0.42500000000000004,0.8
185,trapezoid_0185,8.94117648,2.0,4.705882352941176,0.47900606535089385,0.01647828907231278,-0.045590378448739075,-0.10049947376127119,0.42500000000000004,0.9
186,trapezoid_0186,9.411764719999999,2.0,4.705882352941176,0.48955935295884556,0.01769245386470724,-0.06487612804729523,-0.1272286178241908,0.42500000000000004,1.0
187,trapezoid_0187,4.44444444,2.0,4.444444444444445,0.22288429356204567,0.004146661405862031,0.2320980210460541,-0.6345396950237313,0.45,0.0
188,trapezoid_0188,4.88888888,2.0,4.444444444444445,0.258860593942214,0.005627629948627783,0.20849554340475515,11889567.924750544,0.45,0.1
189,trapezoid_0189,5.33333332,2.0,4.444444444444445,0.2970853174434779,0.00739216217792498,0.18226804308048938,-0.5849053782831002,0.45,0.2
190,trapezoid_0190,5.777777779999999,2.0,4.444444444444445,0.333330179484424,0.009004244550385744,0.15227557511614925,-0.5205983753499703,0.45,0.30000000000000004
191,trapezoid_0191,6.222222219999999,2.0,4.444444444444445,0.3655913075623463,0.010386405370009255,0.11909107221190238,-0.43330807630248774,0.45,0.4
192,trapezoid_0192,6.6666666600000015,2.0,4.444444444444445,0.394155691355839,0.011490527947424303,0.08472642882410335,-0.32592175000908513,0.45,0.5
193,trapezoid_0193,7.1111111000000005,2.0,4.444444444444445,0.41801687024666895,0.012393702355803704,0.05128601414753477,-0.22207003035631456,0.45,0.6000000000000001
194,trapezoid_0194,7.555555559999999,2.0,4.444444444444445,0.4385494086448499,0.013274823331141767,0.02046058810795575,-0.13245851222736393,0.45,0.7000000000000001
195,trapezoid_0195,8.000000000000002,2.0,4.444444444444445,0.45474425397708595,0.01408352059311396,-0.0073321850967768285,-0.07261756465784404,0.45,0.8
196,trapezoid_0196,8.444444440000002,2.0,4.444444444444445,0.46827545562189943,0.015072153852368184,-0.028258173932096863,-0.047779276029933954,0.45,0.9
197,trapezoid_0197,8.88888888,2.0,4.444444444444445,0.47873703491509745,0.016191512250990702,-0.04738132467986663,-0.07430665454964269,0.45,1.0
198,trapezoid_0198,4.21052632,2.0,4.2105263157894735,0.21590476299042932,0.003501336234176101,0.22475397843282532,-0.5764361185934871,0.47500000000000003,0.0
199,trapezoid_0199,4.63157896,2.0,4.2105263157894735,0.250197746030108,0.004738382495285873,0.201715177626646,-0.5586394926638878,0.47500000000000003,0.1
200,trapezoid_0200,5.05263158,2.0,4.2105263157894735,0.28696680279286063,0.00621811733838099,0.17575641536628536,-0.5278164841626427,0.47500000000000003,0.2
201,trapezoid_0201,5.47368422,2.0,4.2105263157894735,0.3223588712416664,0.007684532219650068,0.14883179074525976,-0.46547489102392314,0.47500000000000003,0.30000000000000004
202,trapezoid_0202,5.894736839999998,2.0,4.2105263157894735,0.35408380312676324,0.008971291172999081,0.12115970804127356,-0.3756707863652545,0.47500000000000003,0.4
203,trapezoid_0203,6.31578948,2.0,4.2105263157894735,0.38236434650174395,0.01003499408599266,0.08901270292420299,-0.27652501070672886,0.47500000000000003,0.5
204,trapezoid_0204,6.736842100000001,2.0,4.2105263157894735,0.4067956840973201,0.011020839259430962,0.05880980283353426,-0.17342998507017665,0.47500000000000003,0.6000000000000001
205,trapezoid_0205,7.157894740000001,2.0,4.2105263157894735,0.42719352379199316,0.01189057495180553,0.030880753434307455,-0.08451461608944633,0.47500000000000003,0.7000000000000001
206,trapezoid_0206,7.578947380000001,2.0,4.2105263157894735,0.44331880805364454,0.012723830744550373,0.0067443651727948735,-0.026952416228511245,0.47500000000000003,0.8
207,trapezoid_0207,7.999999999999999,2.0,4.2105263157894735,0.4573221361453474,0.013727204175132636,-0.014324550799109062,-0.0059961409185809765,0.47500000000000003,0.9
208,trapezoid_0208,8.42105264,2.0,4.2105263157894735,0.46879654468861354,0.014888379199797009,-0.030776214074139486,-0.025908032752328423,0.47500000000000003,1.0
209,trapezoid_0209,3.999999999999999,2.0,4.0,0.20923978715858194,0.0029848570103659005,0.218642613621296,-0.5209664064364583,0.5,0.0
210,trapezoid_0210,4.4,2.0,4.0,0.24190108264423357,0.004021115129569245,0.1972477810506031,-0.5005329173162165,0.5,0.1
211,trapezoid_0211,4.8,2.0,4.0,0.2769759574262245,0.0052840946699162766,0.1719946020844703,-0.4741781190032297,0.5,0.2
212,trapezoid_0212,5.199999999999999,2.0,4.0,0.31125396839436537,0.006573389701474439,0.14781293256164846,-0.4131160499447391,0.5,0.30000000000000004
213,trapezoid_0213,5.6,2.0,4.0,0.3432405730045876,0.00781050717494837,0.12074580935775472,-0.3305969323535652,0.5,0.4
214,trapezoid_0214,6.0,2.0,4.0,0.37086949489305326,0.00882968316528797,0.09328794597026879,-0.23062646645250925,0.5,0.5
215,trapezoid_0215,6.3999999999999995,2.0,4.0,0.39535338452994956,0.009771901912565871,0.06577593727825438,1422.8949106706837,0.5,0.6000000000000001
216,trapezoid_0216,6.8,2.0,4.0,0.41574924198823937,0.010644746851066145,0.040246846540259014,-0.047022425208532385,0.5,0.7000000000000001
217,trapezoid_0217,7.199999999999999,2.0,4.0,0.43273391535418537,0.011539899083332713,0.01815094083469091,0.008831121146833328,0.5,0.8
218,trapezoid_0218,7.6,2.0,4.0,0.4467024942755695,0.012497641210600959,-0.0009203837974571091,0.031205871461987708,0.5,0.9
219,trapezoid_0219,7.999999999999998,2.0,4.0,0.45833879577379366,0.013589552953826429,-0.01728108132766964,0.014050896647733995,0.5,1.0
220,trapezoid_0220,3.8095238,2.0,3.8095238095238093,0.2025287583506098,0.0025508025102581756,0.21332668137336808,-0.46533012806024443,0.525,0.0
221,trapezoid_0221,4.190476179999998,2.0,3.8095238095238093,0.23341372679240496,0.0034159918115118214,0.19304764293406285,-0.443199162591901,0.525,0.1
222,trapezoid_0222,4.57142856,2.0,3.8095238095238093,0.2675312310232304,0.004512774890598075,0.16609020800365695,-0.42510819350595414,0.525,0.2
223,trapezoid_0223,4.95238094,2.0,3.8095238095238093,0.30101548860744126,0.0056733237746975345,0.14400808088857317,-0.3681324192400961,0.525,0.30000000000000004
224,trapezoid_0224,5.333333320000001,2.0,3.8095238095238093,0.33218330094995024,0.0067988028244359636,0.12169272611223513,-0.2846044555800358,0.525,0.4
225,trapezoid_0225,5.7142857000000005,2.0,3.8095238095238093,0.3597572447938536,0.007791557206021108,0.09728605325564074,-0.18958548950327528,0.525,0.5
226,trapezoid_0226,6.0952380800000014,2.0,3.8095238095238093,0.3838546403632601,0.008710649974075316,0.07202371942511812,-0.0993615215603861,0.525,0.6000000000000001
227,trapezoid_0227,6.47619046,2.0,3.8095238095238093,0.40468495454653697,0.009586589617768516,0.04870917677384941,-0.015848023105166954,0.525,0.7000000000000001
228,trapezoid_0228,6.85714284,2.0,3.8095238095238093,0.42196645544639083,0.010461294853904346,0.027739848904872508,0.039174835615196725,0.525,0.8
229,trapezoid_0229,7.238095219999998,2.0,3.8095238095238093,0.4364540738738525,0.011418478356216741,0.010464332242790175,0.06252513954742292,0.525,0.9
230,trapezoid_0230,7.6190476,2.0,3.8095238095238093,0.44861875840780446,0.012510008809457681,-0.004056746513961973,0.0483108089534185,0.525,1.0
231,trapezoid_0231,3.63636364,2.0,3.6363636363636362,0.19624366507606805,0.0021924369336129915,0.20838878096179145,-0.4115370910750206,0.55,0.0
232,trapezoid_0232,3.999999999999999,2.0,3.6363636363636362,0.2256423119429859,0.0029293022753472332,0.18786932541565288,-0.39171446772950463,0.55,0.1
233,trapezoid_0233,4.36363636,2.0,3.6363636363636362,0.2585877007281617,0.003892241981320415,0.16353566950377982,-0.3749040970418688,0.55,0.2
234,trapezoid_0234,4.727272740000001,2.0,3.6363636363636362,0.29130745839298855,0.004933418564084949,0.14205847211383574,-0.32275079947167634,0.55,0.30000000000000004
235,trapezoid_0235,5.090909099999999,2.0,3.6363636363636362,0.32153240295941105,0.005931261033502486,0.1203660333751554,-0.2466751605023792,0.55,0.4
236,trapezoid_0236,5.454545459999999,2.0,3.6363636363636362,0.3488665271574071,0.006885671244137517,0.09871961484720108,-0.1562110236643545,0.55,0.5
237,trapezoid_0237,5.818181819999999,2.0,3.6363636363636362,0.3728313526753618,0.007789448203288109,0.07846573909095893,-0.06462734976906095,0.55,0.6000000000000001
238,trapezoid_0238,6.181818180000001,2.0,3.6363636363636362,0.3936259448579872,0.008621846311094193,0.05617533483382266,0.012019900859898767,0.55,0.7000000000000001
239,trapezoid_0239,6.545454540000001,2.0,3.6363636363636362,0.4111573220267858,0.009511247026950066,0.037981862151792375,0.06545737756805045,0.55,0.8
240,trapezoid_0240,6.909090919999998,2.0,3.6363636363636362,0.4262110235519141,0.010447104604365024,0.021470803459793464,0.08917991778037411,0.55,0.9
241,trapezoid_0241,7.272727279999998,2.0,3.6363636363636362,0.43811963766807577,0.011419485186960196,0.006155598166604815,0.07528643318773034,0.55,1.0
242,trapezoid_0242,3.4782608600000002,2.0,3.478260869565217,0.19010687481429667,0.0018989477254172972,0.20417608334733017,-0.3626088627371368,0.5750000000000001,0.0
243,trapezoid_0243,3.8260869399999997,2.0,3.478260869565217,0.2180872687993156,0.0025358341475250523,0.18548609697641041,-0.3399890612263203,0.5750000000000001,0.1
244,trapezoid_0244,4.173913039999999,2.0,3.478260869565217,0.2496986781486601,0.003349842683708451,0.15925509458591808,-0.32829296667467983,0.5750000000000001,0.2
245,trapezoid_0245,4.5217391199999994,2.0,3.478260869565217,0.2812166167801891,0.004275019697519354,0.1386438154873671,-0.2842212557513815,0.5750000000000001,0.30000000000000004
246,trapezoid_0246,4.869565200000001,2.0,3.478260869565217,0.3108421865080847,0.005207187222446305,0.12105290145133214,-0.21230695702012817,0.5750000000000001,0.4
247,trapezoid_0247,5.217391299999999,2.0,3.478260869565217,0.3381898423073277,0.006113826187788149,0.10061700379361113,-0.12866539506968824,0.5750000000000001,0.5
248,trapezoid_0248,5.56521738,2.0,3.478260869565217,0.36189386609526136,0.006952207784129218,0.0820757263392018,-0.03941290658253093,0.5750000000000001,0.6000000000000001
249,trapezoid_0249,5.913043460000001,2.0,3.478260869565217,0.3827414435769952,0.007782841021372331,0.062194359363383654,0.0316849166944761,0.5750000000000001,0.7000000000000001
250,trapezoid_0250,6.260869559999999,2.0,3.478260869565217,0.400650296612584,0.00862396336948963,0.04447209245210599,0.08618245142697623,0.5750000000000001,0.8
251,trapezoid_0251,6.608695639999998,2.0,3.478260869565217,0.41581911782966763,0.009526140710298385,0.028872940866193963,0.10783642575811418,0.5750000000000001,0.9
252,trapezoid_0252,6.95652172,2.0,3.478260869565217,0.42822434814702304,0.010489400117640105,0.016370993148953173,0.09925312658614548,0.5750000000000001,1.0
253,trapezoid_0253,3.33333334,2.0,3.333333333333333,0.1843319992401487,0.0016515632393921862,0.19951507219858064,-0.31510290592686346,0.6000000000000001,0.0
254,trapezoid_0254,3.6666666799999996,2.0,3.333333333333333,0.21094483189413663,0.0021999717694828396,0.1819194089626568,-0.2886006769799855,0.6000000000000001,0.1
255,trapezoid_0255,3.9999999999999996,2.0,3.333333333333333,0.24088345017352927,0.002904250192396011,0.1565640091095053,-0.285346782977401,0.6000000000000001,0.2
256,trapezoid_0256,4.333333339999998,2.0,3.333333333333333,0.27167436369752185,0.0037295063715314593,0.1363567010100943,-0.2474494025662653,0.6000000000000001,0.30000000000000004
257,trapezoid_0257,4.66666668,2.0,3.333333333333333,0.30068662949141545,0.004574380464777575,0.11909030042168517,-0.182545381931489,0.6000000000000001,0.4
258,trapezoid_0258,4.999999999999999,2.0,3.333333333333333,0.32734047296323715,0.005421428015819726,0.10320503198666868,-0.1002412193649721,0.6000000000000001,0.5
259,trapezoid_0259,5.333333340000001,2.0,3.333333333333333,0.35154901522156456,0.006242045410741999,0.0851253656207941,-0.016956574994051395,0.6000000000000001,0.6000000000000001
260,trapezoid_0260,5.666666679999998,2.0,3.333333333333333,0.3721058593446719,0.007034993629919183,0.06844460859885822,0.054077779013342965,0.6000000000000001,0.7000000000000001
261,trapezoid_0261,6.000000000000002,2.0,3.333333333333333,0.3902582804362778,0.00785058471659253,0.05166602447629122,0.10390204101501824,0.6000000000000001,0.8
262,trapezoid_0262,6.333333340000001,2.0,3.333333333333333,0.40533933943633216,0.008703616294781065,0.038913311292786176,0.1287421359887262,0.6000000000000001,0.9
263,trapezoid_0263,6.666666679999998,2.0,3.333333333333333,0.418219513906513,0.0096493630150836,0.026969087453558957,0.12047421478332387,0.6000000000000001,1.0
264,trapezoid_0264,3.2,2.0,3.2,0.17871871037614898,0.0014500243008219538,0.19707331094827035,-0.2680953435610058,0.625,0.0
265,trapezoid_0265,3.52,2.0,3.2,0.20384738706108704,0.0019174027941011975,0.1801580685046983,-181.8937974926248,0.625,0.1
266,trapezoid_0266,3.840000000000001,2.0,3.2,0.23286568130132887,0.0025403779471045913,0.15392309824337308,-0.24292741036123097,0.625,0.2
267,trapezoid_0267,4.16,2.0,3.2,0.2624068925197195,0.0032658777427072953,0.13464835978453285,-0.21062182805548157,0.625,0.30000000000000004
268,trapezoid_0268,4.48,2.0,3.2,0.2909729036217873,0.0040485941064641534,0.11845076516430071,-0.15157229091557675,0.625,0.4
269,trapezoid_0269,4.799999999999999,2.0,3.2,0.3170801378569421,0.004812735159530311,0.10266796187015699,-0.07639143153097153,0.625,0.5
270,trapezoid_0270,5.120000000000002,2.0,3.2,0.34097104555995933,0.005585680144217925,0.08658258893764742,0.0020203986649959867,0.625,0.6000000000000001
271,trapezoid_0271,5.439999999999998,2.0,3.2,0.36168892123300933,0.006352235437582368,0.07249823093002872,0.07210719021123793,0.625,0.7000000000000001
272,trapezoid_0272,5.759999999999998,2.0,3.2,0.379669988111359,0.007126837136699003,0.05861178936663536,0.12093606809782172,0.625,0.8
273,trapezoid_0273,6.08,2.0,3.2,0.3952529981462643,0.007952274960209579,0.04538121730712799,0.1433615039220012,0.625,0.9
274,trapezoid_0274,6.400000000000003,2.0,3.2,0.4086834387416389,0.008868261609771846,0.035552675050584175,0.13930391787387422,0.625,1.0
275,trapezoid_0275,3.0769230800000003,2.0,3.0769230769230766,0.17314542210419864,0.001274745832133212,0.1944059655948835,-0.22804134252471586,0.65,0.0
276,trapezoid_0276,3.3846153799999996,2.0,3.0769230769230766,0.19720111159201997,0.0016843473709839494,0.17768744187437271,-0.2011280407558336,0.65,0.1
277,trapezoid_0277,3.6923076999999997,2.0,3.0769230769230766,0.2249255437281835,0.0022190215343265,0.15105051186455087,-0.2010634705764265,0.65,0.2
278,trapezoid_0278,3.9999999999999996,2.0,3.0769230769230766,0.25364389117569314,0.002869928761737049,0.1312415282983319,-0.1790310827533109,0.65,0.30000000000000004
279,trapezoid_0279,4.307692320000002,2.0,3.0769230769230766,0.28159148599747036,0.0035844776682534877,0.11700967429622468,-0.1241313403201219,0.65,0.4
280,trapezoid_0280,4.615384620000001,2.0,3.0769230769230766,0.30737395934137,0.004304003123147634,0.10388325682808042,-0.05204933754218212,0.65,0.5
281,trapezoid_0281,4.92307692,2.0,3.0769230769230766,0.3307137437266334,0.005019312581439233,0.08879291106441566,0.018762072857846954,0.65,0.6000000000000001
282,trapezoid_0282,5.230769240000002,2.0,3.0769230769230766,0.35123750479729293,0.0057370907532395985,0.07650238861576798,0.08575893876486129,0.65,0.7000000000000001
283,trapezoid_0283,5.538461539999999,2.0,3.0769230769230766,0.3694156569506554,0.006504053033443002,0.06500211984803088,0.1339820653110759,0.65,0.8
284,trapezoid_0284,5.84615384,2.0,3.0769230769230766,0.3855825155933742,0.007302147083453981,0.05217970029278421,0.1552733985298109,0.65,0.9
285,trapezoid_0285,6.15384616,2.0,3.0769230769230766,0.3986115861197492,0.008136838997830147,0.04282327072466255,0.15192529268097013,0.65,1.0
286,trapezoid_0286,2.9629629599999996,2.0,2.962962962962963,0.16801522182251044,0.0011332742822336153,0.19138582706745375,-0.19334205401828375,0.675,0.0
287,trapezoid_0287,3.25925926,2.0,2.962962962962963,0.19048953060120116,0.0014818151833772828,0.17722955560743725,-0.15999135902057826,0.675,0.1
288,trapezoid_0288,3.55555556,2.0,2.962962962962963,0.21729756654845842,0.00195571969828973,0.15082927406454424,-0.1625938663700019,0.675,0.2
289,trapezoid_0289,3.8518518399999997,2.0,2.962962962962963,0.24502126950885056,0.0025303192279743287,0.12925278523915243,-0.1483212096462309,0.675,0.30000000000000004
290,trapezoid_0290,4.148148139999999,2.0,2.962962962962963,0.27242731246771923,0.003181329047072575,0.11576724688641057,-0.09884838523280462,0.675,0.4
291,trapezoid_0291,4.44444444,2.0,2.962962962962963,0.29756795992059654,0.0038401452892282886,0.1034479429247521,-0.03414631459085733,0.675,0.5
292,trapezoid_0292,4.740740739999999,2.0,2.962962962962963,0.3206704834024467,0.004525196660772154,0.09211426966642326,0.03606686167198337,0.675,0.6000000000000001
293,trapezoid_0293,5.037037039999999,2.0,2.962962962962963,0.34140970565195417,0.005211955298536772,0.07926021131500885,0.09588421380642072,0.675,0.7000000000000001
294,trapezoid_0294,5.333333340000001,2.0,2.962962962962963,0.35964518104367327,0.005933978138195926,0.06958794065688356,0.14374694872536703,0.675,0.8
295,trapezoid_0295,5.62962962,2.0,2.962962962962963,0.37560576053823,0.006683969294787546,0.058714701463737425,0.16682348421720777,0.675,0.9
296,trapezoid_0296,5.925925919999998,2.0,2.962962962962963,0.3895783744557602,0.007496649590244313,0.04860176754918686,0.16396912299656682,0.675,1.0
297,trapezoid_0297,2.8571428599999997,2.0,2.8571428571428568,0.16291294462605008,0.0010053580376698933,0.19054317339079452,-0.15493962697827784,0.7000000000000001,0.0
298,trapezoid_0298,3.1428571399999994,2.0,2.8571428571428568,0.18426837204876254,0.0013148822436040842,0.17598413765368315,-0.12476172470499143,0.7000000000000001,0.1
299,trapezoid_0299,3.4285714400000007,2.0,2.8571428571428568,0.20995469182039733,0.001726499526874241,0.14847406017469342,-0.1306739068931945,0.7000000000000001,0.2
300,trapezoid_0300,3.714285719999999,2.0,2.8571428571428568,0.23672635467768227,0.0022361737272457672,0.1277995291522509,-0.11701592724539323,0.7000000000000001,0.30000000000000004
301,trapezoid_0301,4.000000000000001,2.0,2.8571428571428568,0.2632323871389531,0.0028210408687567505,0.11422047751454491,-0.0752515888778082,0.7000000000000001,0.4
302,trapezoid_0302,4.28571428,2.0,2.8571428571428568,0.2883098508097096,0.0034386847472044875,0.10236005207898057,-0.016184598274184437,0.7000000000000001,0.5
303,trapezoid_0303,4.571428579999999,2.0,2.8571428571428568,0.3107746897808602,0.004065784290901922,0.09243297144483575,-4093186517542466.0,0.7000000000000001,0.6000000000000001
304,trapezoid_0304,4.857142859999999,2.0,2.8571428571428568,0.3316698878557713,0.004729500341001863,0.08169540013421643,0.1066007368971515,0.7000000000000001,0.7000000000000001
305,trapezoid_0305,5.14285714,2.0,2.8571428571428568,0.3500068078096444,0.005406495968271113,0.07187597765637115,0.1515167255366824,0.7000000000000001,0.8
306,trapezoid_0306,5.428571440000001,2.0,2.8571428571428568,0.3658297291846892,0.006111535562536317,0.06251927496857537,0.17400082526736788,0.7000000000000001,0.9
307,trapezoid_0307,5.714285720000001,2.0,2.8571428571428568,0.38034981521225386,0.006895928101279018,0.053896396457970154,0.17378866908947377,0.7000000000000001,1.0
308,trapezoid_0308,2.7586206800000004,2.0,2.758620689655172,0.15809317247342777,0.0008986815383447127,0.18785858059855484,-0.12656034975892,0.7250000000000001,0.0
309,trapezoid_0309,3.034482740000001,2.0,2.758620689655172,0.1785472258371474,0.0011747545510856622,0.1751213815243073,-0.0939467662829557,0.7250000000000001,0.1
310,trapezoid_0310,3.310344820000001,2.0,2.758620689655172,0.20290836009203786,0.0015310440684713844,0.14733190463450313,-0.09827436742314336,0.7250000000000001,0.2
311,trapezoid_0311,3.5862068799999998,2.0,2.758620689655172,0.22901419258680178,0.0019904906968574105,0.12607304450163548,-0.08879516369317576,0.7250000000000001,0.30000000000000004
312,trapezoid_0312,3.8620689599999998,2.0,2.758620689655172,0.2547333580159527,0.002517473635441425,0.11202557784606033,-0.05547986040172529,0.7250000000000001,0.4
313,trapezoid_0313,4.137931020000001,2.0,2.758620689655172,0.2791634342046801,0.003086076143850629,0.10183607386374298,-0.00016871985545178703,0.7250000000000001,0.5
314,trapezoid_0314,4.4137930999999995,2.0,2.758620689655172,0.30164990684920906,0.003682717263468591,0.0936550851038329,0.06106901189149866,0.7250000000000001,0.6000000000000001
315,trapezoid_0315,4.68965516,2.0,2.758620689655172,0.32227190405261125,0.004296360466002414,0.08370013047105455,0.11506984638128676,0.7250000000000001,0.7000000000000001
316,trapezoid_0316,4.96551724,2.0,2.758620689655172,0.34059435053467124,0.004936047037891177,0.07458415457031964,0.15751116425177897,0.7250000000000001,0.8
317,trapezoid_0317,5.2413793,2.0,2.758620689655172,0.3567072905788297,0.005612542465668206,0.066722900955232,0.18099894693640473,0.7250000000000001,0.9
318,trapezoid_0318,5.517241359999999,2.0,2.758620689655172,0.37092113755411127,0.006342981501008241,0.05959255833944249,0.18260946511221182,0.7250000000000001,1.0
319,trapezoid_0319,2.666666660000001,2.0,2.6666666666666665,0.15318357734680826,0.0008044426794621126,0.18721939719739134,-0.10189672846926286,0.75,0.0
320,trapezoid_0320,2.933333320000001,2.0,2.6666666666666665,0.17293298533610357,0.0010531271411821667,0.1743650185290492,-0.06874995941578631,0.75,0.1
321,trapezoid_0321,3.2,2.0,2.6666666666666665,0.1962251343268933,0.001365587753712264,0.14777076925479615,-0.0670887132302341,0.75,0.2
322,trapezoid_0322,3.466666660000001,2.0,2.6666666666666665,0.2213333395258851,0.0017730101185683704,0.12504309046064585,-0.06289629528107474,0.75,0.30000000000000004
323,trapezoid_0323,3.7333333200000003,2.0,2.6666666666666665,0.24629396328175884,0.0022511950853622864,0.11154059458210941,-0.03419589201008962,0.75,0.4
324,trapezoid_0324,3.9999999999999996,2.0,2.6666666666666665,0.2703783399111703,0.0027767495726508107,0.10031624485560443,0.01088869307062731,0.75,0.5
325,trapezoid_0325,4.266666660000001,2.0,2.6666666666666665,0.2925777998323373,0.0033288799205183992,0.09314571148938665,0.07022024172413953,0.75,0.6000000000000001
326,trapezoid_0326,4.5333333200000006,2.0,2.6666666666666665,0.31291850429328644,0.003907578062393559,0.08578000407227782,0.12214749897258716,0.75,0.7000000000000001
327,trapezoid_0327,4.799999999999999,2.0,2.6666666666666665,0.3312427655203877,0.004515695732677541,0.07792278606556594,0.16299898596323617,0.75,0.8
328,trapezoid_0328,5.066666659999999,2.0,2.6666666666666665,0.34724760209160543,0.00515033920143922,0.07161459656827807,0.18656979776480667,0.75,0.9
329,trapezoid_0329,5.333333320000001,2.0,2.6666666666666665,0.36189471732939477,0.005850268620130708,0.06446987729782466,0.18891584035397205,0.75,1.0
330,trapezoid_0330,2.5806451599999995,2.0,2.5806451612903225,0.14876052088507882,0.0007275140935887334,0.18657230761172586,-0.08080439390345302,0.775,0.0
331,trapezoid_0331,2.83870968,2.0,2.5806451612903225,0.16719917657985342,0.0009453373831413139,0.174319175523206,-0.049524442466035996,0.775,0.1
332,trapezoid_0332,3.0967742,2.0,2.5806451612903225,0.18972269850081203,0.0012247310033988083,0.1475158769634328,-0.04336322189467298,0.775,0.2
333,trapezoid_0333,3.3548386999999997,2.0,2.5806451612903225,0.21409164892658902,0.0015847512945017502,0.12324063437844227,-0.03963544527706738,0.775,0.30000000000000004
334,trapezoid_0334,3.6129032199999997,2.0,2.5806451612903225,0.23819608275375773,0.002012990063891349,0.10938610770459252,-0.016372225346770287,0.775,0.4
335,trapezoid_0335,3.8709677400000007,2.0,2.5806451612903225,0.2617808890417144,0.002501506254947952,0.10013643617046149,0.02452355117473177,0.775,0.5
336,trapezoid_0336,4.1290322600000025,2.0,2.5806451612903225,0.28370680533721393,0.003016149424651763,0.09453917134575213,0.07987632832342978,0.775,0.6000000000000001
337,trapezoid_0337,4.387096780000001,2.0,2.5806451612903225,0.3037963280493596,0.003552161922236643,0.08646207751646423,0.12879488312798423,0.775,0.7000000000000001
338,trapezoid_0338,4.645161280000002,2.0,2.5806451612903225,0.3221587722722722,0.004128428509466903,0.08004418776048436,0.1676110562632572,0.775,0.8
339,trapezoid_0339,4.903225799999999,2.0,2.5806451612903225,0.33845711432443143,0.004734135208403252,0.07356907975979514,0.1903948656013021,0.775,0.9
340,trapezoid_0340,5.161290319999999,2.0,2.5806451612903225,0.3530088385876144,0.005381336991078327,0.06698502635996044,0.19307639510830024,0.775,1.0
341,trapezoid_0341,2.5,2.0,2.5,0.14437038188344556,0.0006580184962181322,0.18518386538458653,-0.06599815964645402,0.8,0.0
342,trapezoid_0342,2.7499999999999996,2.0,2.5,0.16198646020868096,0.0008548902677904622,0.17563103156297896,-0.03254434159887619,0.8,0.1
343,trapezoid_0343,3.0,2.0,2.5,0.18350952296487233,0.0010988446218839557,0.14736991885148737,-0.021821664852304995,0.8,0.2
344,trapezoid_0344,3.2500000000000013,2.0,2.5,0.20703631983671403,0.001419605414100454,0.12186424669071062,-0.01825336051558806,0.8,0.30000000000000004
345,trapezoid_0345,3.5,2.0,2.5,0.23060384731466563,0.0018100232571107856,0.10853515208074752,0.0007451103618992606,0.8,0.4
346,trapezoid_0346,3.7499999999999982,2.0,2.5,0.2534604666899277,0.002254463886394164,0.0999128436332016,0.0369692588039883,0.8,0.5
347,trapezoid_0347,4.000000000000001,2.0,2.5,0.2751825949498716,0.0027308741443318497,0.09317785171835356,0.08532513105096688,0.8,0.6000000000000001
348,trapezoid_0348,4.249999999999999,2.0,2.5,0.29511761282331384,0.0032419638795108297,0.08774331643417538,0.13260731425771766,0.8,0.7000000000000001
349,trapezoid_0349,4.5,2.0,2.5,0.3135158755306827,0.0037894068490146086,0.08150526003919112,0.16973071555098215,0.8,0.8
350,trapezoid_0350,4.750000000000001,2.0,2.5,0.3295647791984656,0.004355124052594426,0.07654930475398643,0.19272479174311247,0.8,0.9
351,trapezoid_0351,4.999999999999998,2.0,2.5,0.3444944297416984,0.004971063368639869,0.07044550099836713,0.19708859254220062,0.8,1.0
352,trapezoid_0352,2.4242424199999992,2.0,2.424242424242424,0.14031688838377934,0.0006002727328537849,0.18532713091430164,-0.0543781884899313,0.8250000000000001,0.0
353,trapezoid_0353,2.66666666,2.0,2.424242424242424,0.15713007091700293,0.0007789797758023236,0.17574451336307562,-0.024219055957340935,0.8250000000000001,0.1
354,trapezoid_0354,2.9090909000000003,2.0,2.424242424242424,0.17768512822662286,0.000994189924422822,0.1479064787661506,-0.004483633434771566,0.8250000000000001,0.2
355,trapezoid_0355,3.1515151399999994,2.0,2.424242424242424,0.20019456634150903,0.0012745294546658967,0.12114749395156907,-0.0005513724884253171,0.8250000000000001,0.30000000000000004
356,trapezoid_0356,3.393939380000001,2.0,2.424242424242424,0.22315887259879202,0.0016315767010870157,0.10696650592570361,0.014697893938500826,0.8250000000000001,0.4
357,trapezoid_0357,3.63636364,2.0,2.424242424242424,0.24574736878366785,0.0020398262487010994,0.09711705673329021,0.04681353808793686,0.8250000000000001,0.5
358,trapezoid_0358,3.87878788,2.0,2.424242424242424,0.2669323144264439,0.0024819527170547658,0.09239970183582552,0.0914994110899275,0.8250000000000001,0.6000000000000001
359,trapezoid_0359,4.121212120000001,2.0,2.424242424242424,0.2866052173540599,0.0029564939892583833,0.08744828674892545,0.13535915524032205,0.8250000000000001,0.7000000000000001
360,trapezoid_0360,4.36363636,2.0,2.424242424242424,0.3047165695421597,0.003463235744243759,0.08308076830120449,0.17196169510802098,0.8250000000000001,0.8
361,trapezoid_0361,4.6060606,2.0,2.424242424242424,0.32111256478095784,0.004007416079475924,0.07828016868930354,0.19456777520076843,0.8250000000000001,0.9
362,trapezoid_0362,4.848484840000001,2.0,2.424242424242424,0.33556439069358424,0.0045817205617900295,0.07394806711052201,0.19952722549885207,0.8250000000000001,1.0
363,trapezoid_0363,2.35294118,2.0,2.352941176470588,0.13624758103407478,0.0005474704850488485,0.1840163558802338,-0.04995252307421422,0.8500000000000001,0.0
364,trapezoid_0364,2.5882353,2.0,2.352941176470588,0.15219102949557392,0.000708934926510728,0.17614083875207337,-0.020020487124146998,0.8500000000000001,0.1
365,trapezoid_0365,2.82352942,2.0,2.352941176470588,0.1719258197993409,0.0008994667933384097,0.14869399844943978,0.008471794996233902,0.8500000000000001,0.2
366,trapezoid_0366,3.0588235399999997,2.0,2.352941176470588,0.19372196696726723,0.0011522486237546426,0.12134411974493091,0.014940088805741361,0.8500000000000001,0.30000000000000004
367,trapezoid_0367,3.2941176599999986,2.0,2.352941176470588,0.21600481081456616,0.0014706361142626772,0.10479329148971638,0.027233118473041815,0.8500000000000001,0.4
368,trapezoid_0368,3.5294117599999995,2.0,2.352941176470588,0.23833592182460292,0.0018499488284792558,0.09535906904652335,0.05596420123476694,0.8500000000000001,0.5
369,trapezoid_0369,3.7647058799999993,2.0,2.352941176470588,0.2590135561560096,0.002258138727295186,0.0907884780785951,0.09640044223986662,0.8500000000000001,0.6000000000000001
370,trapezoid_0370,3.9999999999999996,2.0,2.352941176470588,0.27858444622439715,0.0027039590615784603,0.08719615937562208,0.13840222336697003,0.8500000000000001,0.7000000000000001
371,trapezoid_0371,4.235294119999998,2.0,2.352941176470588,0.2965569747940586,0.0031787376002511162,0.08248127708127301,0.17172036385436218,0.8500000000000001,0.8
372,trapezoid_0372,4.470588239999999,2.0,2.352941176470588,0.31266731989311425,0.0036834258424040755,0.07963262793240462,0.195043449449155,0.8500000000000001,0.9
373,trapezoid_0373,4.7058823599999995,2.0,2.352941176470588,0.3274545920497413,0.004230466726914424,0.07568326594102659,0.20162652431297245,0.8500000000000001,1.0
374,trapezoid_0374,2.28571428,2.0,2.2857142857142856,0.13231205667555757,0.0005012706557746469,0.18460122314064925,-0.04788976908586651,0.875,0.0
375,trapezoid_0375,2.5142857000000003,2.0,2.2857142857142856,0.1475684714060622,0.000649797691954595,0.17694369026222853,-0.02423839811962937,0.875,0.1
376,trapezoid_0376,2.742857139999999,2.0,2.2857142857142856,0.16665959922131252,0.0008185615926713653,0.1478901585507521,0.01612055158390166,0.875,0.2
377,trapezoid_0377,2.971428559999999,2.0,2.2857142857142856,0.18760885139562825,0.001042713039571721,0.11949343136377777,0.028059123786192464,0.875,0.30000000000000004
378,trapezoid_0378,3.2,2.0,2.2857142857142856,0.20920466579736544,0.0013309118600478612,0.10276549532660004,0.03863032522511338,0.875,0.4
379,trapezoid_0379,3.4285714200000013,2.0,2.2857142857142856,0.23076286768682946,0.0016734881240255167,0.09395605548237858,0.06475904402754841,0.875,0.5
380,trapezoid_0380,3.65714286,2.0,2.2857142857142856,0.2511506459338408,0.0020553476178332137,0.08995128392242328,0.09986145635939095,0.875,0.6000000000000001
381,trapezoid_0381,3.885714280000001,2.0,2.2857142857142856,0.27049578059732604,0.002470670753641859,0.08673377476964729,0.13988680350507293,0.875,0.7000000000000001
382,trapezoid_0382,4.114285700000001,2.0,2.2857142857142856,0.28838613953724207,0.002918689345508768,0.08340318838878555,0.17223796383269172,0.875,0.8
383,trapezoid_0383,4.3428571400000004,2.0,2.2857142857142856,0.3046053778480441,0.003394772472941486,0.08036821190411504,0.19472498762689922,0.875,0.9
384,trapezoid_0384,4.57142856,2.0,2.2857142857142856,0.31935574908568015,0.0039143206860444485,0.0777398463629479,0.20222618697591188,0.875,1.0
385,trapezoid_0385,2.222222219999999,2.0,2.2222222222222223,0.12858195140439943,0.0004616276854717416,0.18561781194418056,-0.050909061861040744,0.9,0.0
386,trapezoid_0386,2.444444439999999,2.0,2.2222222222222223,0.14313493914094688,0.0005971805924784982,0.1780048300516722,-0.028028415603519884,0.9,0.1
387,trapezoid_0387,2.6666666600000006,2.0,2.2222222222222223,0.1614533038969163,0.000746872321190991,0.14884819879604858,0.020881816680265345,0.9,0.2
388,trapezoid_0388,2.8888888799999997,2.0,2.2222222222222223,0.18160279130644674,0.0009469580033816142,0.1200819442929939,0.03873667030308894,0.9,0.30000000000000004
389,trapezoid_0389,3.1111111,2.0,2.2222222222222223,0.20265014799581837,0.001206842028841952,0.1019348869039961,0.04980169591728899,0.9,0.4
390,trapezoid_0390,3.33333334,2.0,2.2222222222222223,0.22340958164148095,0.00151769756063174,0.09289363401061894,0.07091111165367509,0.9,0.5
391,trapezoid_0391,3.5555555600000015,2.0,2.2222222222222223,0.2436359879877626,0.0018729314343882415,0.08879179581800774,0.10348291758305887,0.9,0.6000000000000001
392,trapezoid_0392,3.777777779999999,2.0,2.2222222222222223,0.2628643296608739,0.0022642026902281154,0.08604051399304857,0.1398223386491578,0.9,0.7000000000000001
393,trapezoid_0393,4.000000000000001,2.0,2.2222222222222223,0.2804887843229132,0.002686449792569423,0.08447420853504385,0.17323057303342068,0.9,0.8
394,trapezoid_0394,4.222222219999999,2.0,2.2222222222222223,0.2969333547694262,0.0031387891951289793,0.08107512899207736,0.19429703074258042,0.9,0.9
395,trapezoid_0395,4.444444439999999,2.0,2.2222222222222223,0.3116183760040878,0.003625120270355444,0.07949824429361707,0.20253831620203164,0.9,1.0
396,trapezoid_0396,2.1621621599999994,2.0,2.162162162162162,0.12493562125082137,0.00042603382427270953,0.18564203294042628,-0.058959814173181864,0.925,0.0
397,trapezoid_0397,2.37837838,2.0,2.162162162162162,0.13894909585818893,0.0005513983382453535,0.17859096027512403,-0.038842074215471235,0.925,0.1
398,trapezoid_0398,2.5945946000000006,2.0,2.162162162162162,0.15645017351245527,0.0006850535616204313,0.15016674208000258,0.020152723741219347,0.925,0.2
399,trapezoid_0399,2.8108108,2.0,2.162162162162162,0.17593736823880424,0.0008629782668846435,0.12062137079856357,0.04670593585219263,0.925,0.30000000000000004
400,trapezoid_0400,3.0270270200000002,2.0,2.162162162162162,0.19637023550417604,0.001099662501671392,0.1003578412826039,0.056864990419915336,0.925,0.4
401,trapezoid_0401,3.243243239999998,2.0,2.162162162162162,0.21683107418241462,0.0013860242186188273,0.09098061909427414,0.07689054768892613,0.925,0.5
402,trapezoid_0402,3.459459459999999,2.0,2.162162162162162,0.23649080398463657,0.0017119095910865685,0.08738490728431118,0.10726464317015126,0.925,0.6000000000000001
403,trapezoid_0403,3.6756756800000008,2.0,2.162162162162162,0.255265091904344,0.00207056665423724,0.08468673333274584,0.14080618364381922,0.925,0.7000000000000001
404,trapezoid_0404,3.891891879999999,2.0,2.162162162162162,0.27275872411808555,0.002464951752722491,0.08323055942557238,0.17118704142706617,0.925,0.8
405,trapezoid_0405,4.108108100000001,2.0,2.162162162162162,0.2890275904943392,0.002891971161854236,0.08186755691050905,0.1928664273560508,0.925,0.9
406,trapezoid_0406,4.32432432,2.0,2.162162162162162,0.3035473417466479,0.003342809707057813,0.0806788090208836,0.2019015982836844,0.925,1.0
407,trapezoid_0407,2.10526316,2.0,2.1052631578947367,0.12153345580437598,0.00039468806099693014,0.18593052165125126,-0.0704974601591014,0.9500000000000001,0.0
408,trapezoid_0408,2.315789479999999,2.0,2.1052631578947367,0.13498833423264395,0.0005108431468594149,0.17942587582633657,-0.054022419280511824,0.9500000000000001,0.1
409,trapezoid_0409,2.5263158,2.0,2.1052631578947367,0.1514900050984293,0.0006290237215334527,0.1520527439839719,0.015455938528771787,0.9500000000000001,0.2
410,trapezoid_0410,2.736842099999999,2.0,2.1052631578947367,0.17055748554425318,0.0007896516003146428,0.11999742487944505,0.05014525404813825,0.9500000000000001,0.30000000000000004
411,trapezoid_0411,2.94736842,2.0,2.1052631578947367,0.19026861449856922,0.00100074647583748,0.09916207322505287,0.06348146404903103,0.9500000000000001,0.4
412,trapezoid_0412,3.157894739999999,2.0,2.1052631578947367,0.21016571881058393,0.001260379357230721,0.08821083779169217,0.08045412366578626,0.9500000000000001,0.5
413,trapezoid_0413,3.36842106,2.0,2.1052631578947367,0.2296203553389375,0.0015658852361008233,0.08577767490778943,0.10928232020379713,0.9500000000000001,0.6000000000000001
414,trapezoid_0414,3.57894738,2.0,2.1052631578947367,0.24798951090090093,0.0018996931253817413,0.08396381072996163,0.14090785303862116,0.9500000000000001,0.7000000000000001
415,trapezoid_0415,3.78947368,2.0,2.1052631578947367,0.2654642618325307,0.0022699781543811816,0.08272354237112461,0.1707411701234558,0.9500000000000001,0.8
416,trapezoid_0416,3.9999999999999987,2.0,2.1052631578947367,0.2816674992619052,0.0026760367240969574,0.08166361525936909,2816.331413272739,0.9500000000000001,0.9
417,trapezoid_0417,4.210526319999999,2.0,2.1052631578947367,0.2961669374505184,0.003101778928601505,0.08115485679813543,0.20101492803802426,0.9500000000000001,1.0
418,trapezoid_0418,2.0512820600000006,2.0,2.051282051282051,0.11818917216558039,0.00036671109967554487,0.1867970050878977,-0.0853280024464213,0.9750000000000001,0.0
419,trapezoid_0419,2.2564102599999996,2.0,2.051282051282051,0.13104358607628236,0.000473940045752588,0.18039281539252133,-0.07451522427264294,0.9750000000000001,0.1
420,trapezoid_0420,2.46153848,2.0,2.051282051282051,0.14696259780340504,0.0005806380353756702,0.1540053583210281,0.007354544395357886,0.9750000000000001,0.2
421,trapezoid_0421,2.666666680000001,2.0,2.051282051282051,0.1653717304104379,0.000723298417840767,0.12007083823509446,0.05221898440627312,0.9750000000000001,0.30000000000000004
422,trapezoid_0422,2.8717948799999995,2.0,2.051282051282051,0.18446808089937383,0.0009138763081360077,0.09800434596757379,0.06862535027494514,0.9750000000000001,0.4
423,trapezoid_0423,3.0769230799999985,2.0,2.051282051282051,0.2037256385323241,0.0011519415481359182,0.08814284525151905,0.08625988130884789,0.9750000000000001,0.5
424,trapezoid_0424,3.2820513,2.0,2.051282051282051,0.2227970955169254,0.001432067323730656,0.08374256942293537,0.1096306803966031,0.9750000000000001,0.6000000000000001
425,trapezoid_0425,3.4871794999999985,2.0,2.051282051282051,0.2410656652007819,0.0017454937881647065,0.0823850369679315,0.14036745468789869,0.9750000000000001,0.7000000000000001
426,trapezoid_0426,3.692307699999999,2.0,2.051282051282051,0.25834819787318875,0.0020949733931409295,0.08173317273569079,0.1677179806501005,0.9750000000000001,0.8
427,trapezoid_0427,3.8974359000000005,2.0,2.051282051282051,0.27427649630574563,0.002469146834020859,0.08106722302053737,0.1883514831550302,0.9750000000000001,0.9
428,trapezoid_0428,4.10256412,2.0,2.051282051282051,0.2890532568730611,0.002880270116879811,0.08084791488727783,0.19793110602644054,0.9750000000000001,1.0
429,trapezoid_0429,1.9999999999999996,2.0,2.0,0.11496905763419521,0.00034171865618973707,0.187832628609375,-0.10517901623369737,1.0,0.0
430,trapezoid_0430,2.1999999999999993,2.0,2.0,0.12736697039982786,0.00044204709028142,0.1817753126020162,-0.0988771740344857,1.0,0.1
431,trapezoid_0431,2.4000000000000004,2.0,2.0,0.1425533082068637,0.0005357211521842749,0.1543110595953404,-0.005900028784981555,1.0,0.2
432,trapezoid_0432,2.6,2.0,2.0,0.16025960894721353,0.0006635838877022231,0.12021472008241033,0.05041073652691198,1.0,0.30000000000000004
433,trapezoid_0433,2.799999999999999,2.0,2.0,0.1787476774750144,0.000835209350414123,0.09749507984757473,0.07158586346472974,1.0,0.4
434,trapezoid_0434,2.999999999999999,2.0,2.0,0.19770181433848646,0.0010540351435125628,0.08575963102869963,0.0886813119687624,1.0,0.5
435,trapezoid_0435,3.2,2.0,2.0,0.21641263543342082,0.0013142181198523989,0.08178021393277123,0.11048954036155792,1.0,0.6000000000000001
436,trapezoid_0436,3.4000000000000004,2.0,2.0,0.2342932920377947,0.0016055666505390683,0.08057935255384834,0.1384055745868606,1.0,0.7000000000000001
437,trapezoid_0437,3.6000000000000005,2.0,2.0,0.25124496829823123,0.0019312630189808806,0.0814249065197242,0.16573177218629656,1.0,0.8
438,trapezoid_0438,3.799999999999999,2.0,2.0,0.26723042977633654,0.0022862439506171396,0.08120142177067069,0.18571636919630002,1.0,0.9
439,trapezoid_0439,4.000000000000003,2.0,2.0,0.2816883207870067,0.002662068106843664,0.0814852007298193,0.19667042854941322,1.0,1.0
